[{"model": "account.account", "pk": 1, "fields": {"password": "pbkdf2_sha256$390000$V6pSDnuaUIgCMTxQmiXgrB$R2mZdTLHRZ17vnWn2XoKzkLiOIiKcYo1Qm9Z6I75O1A=", "last_login": "2022-12-26T08:46:47.589Z", "is_superuser": true, "first_name": "", "last_name": "", "is_staff": true, "is_active": true, "date_joined": "2022-12-26T08:37:38.126Z", "username": "", "email": "la_admin@localhost", "is_admin": true, "balance": "0.00", "groups": [], "user_permissions": []}}, {"model": "account.account", "pk": 2, "fields": {"password": "pbkdf2_sha256$390000$QsrX47rwTGwMOTWyKCBVyS$05+uOagR0/M+Zeq5N/o9MXZQXT1BfZK9zMXi2JcRwd0=", "last_login": "2022-12-26T08:43:29.673Z", "is_superuser": false, "first_name": "", "last_name": "", "is_staff": true, "is_active": true, "date_joined": "2022-12-26T08:38:39.412Z", "username": "", "email": "la_support@localhost", "is_admin": false, "balance": "0.00", "groups": [1], "user_permissions": []}}, {"model": "account.profile", "pk": 1, "fields": {"account": 1, "phone_number": null, "auto_withdraw_balance_funds": false, "date_created": "2022-12-26T08:37:38.262Z", "birthday": null, "sex": null}}, {"model": "account.profile", "pk": 2, "fields": {"account": 2, "phone_number": null, "auto_withdraw_balance_funds": false, "date_created": "2022-12-26T08:38:39.526Z", "birthday": null, "sex": null}}]
