[{"model": "auth.group", "pk": 1, "fields": {"name": "support", "permissions": [50, 52, 53, 54, 56]}}, {"model": "auth.group_permissions", "pk": 1, "fields": {"group": 1, "permission": 50}}, {"model": "auth.group_permissions", "pk": 2, "fields": {"group": 1, "permission": 52}}, {"model": "auth.group_permissions", "pk": 3, "fields": {"group": 1, "permission": 53}}, {"model": "auth.group_permissions", "pk": 4, "fields": {"group": 1, "permission": 54}}, {"model": "auth.group_permissions", "pk": 5, "fields": {"group": 1, "permission": 56}}]
